Position, Company, Location, URL
2023년도 하반기 직원의 전체 세부 정보,한국신용정보원,서울 중구,https://kr.indeed.com/rc/clk?jk=bb8298cb96387b73&fccid=8aca04457011182d&vjs=3
(주)한진 물류종합직 신입사원 (IT분야)의 전체 세부 정보,한진,서울 중구,https://kr.indeed.com/rc/clk?jk=e491118ad2bcc6c8&fccid=5df1e448978fd5db&vjs=3
JAVA 프로그래머 신입사원의 전체 세부 정보,㈜루트시스템즈,서울,https://kr.indeed.com/rc/clk?jk=55118c5d6499ded4&fccid=a6c173ce7ec0217d&vjs=3
두산이노베이션 2023년 경력직의 전체 세부 정보,두산디지털이노베이션BU,용인 기흥구,https://kr.indeed.com/rc/clk?jk=0b9eed0341d838cf&fccid=32fa972787360153&vjs=3
한화솔루션 큐셀부문 Backend 개발자의 전체 세부 정보,한화솔루션,서울 중구,https://kr.indeed.com/rc/clk?jk=9891f5550365c2e1&fccid=2e8b08781039bb66&vjs=3
한화솔루션 큐셀부문 Energy Software (BSP) 개발자의 전체 세부 정보,한화솔루션,서울 중구,https://kr.indeed.com/rc/clk?jk=fa5d42a91fbe737b&fccid=2e8b08781039bb66&vjs=3
[잠실] 백엔드개발(Java SpringBoot SQL)의 전체 세부 정보,시니어앤파트너즈,서울 송파구,https://kr.indeed.com/rc/clk?jk=89031a2c54878bf3&fccid=59060ddcdf96b101&vjs=3
웹개발  프론트엔드 외 신입의 전체 세부 정보,가우비즈,서울,https://kr.indeed.com/rc/clk?jk=b5dd7b33569d70ce&fccid=6930fd168efa2da0&vjs=3
Java 백엔드 개발자 (항공 서비스)의 전체 세부 정보,마이리얼트립,서울 서초구,https://kr.indeed.com/rc/clk?jk=5547c4fc2767c973&fccid=03afb49e1a8b4dd7&vjs=3
한화솔루션 큐셀부문 Frontend 개발자의 전체 세부 정보,한화솔루션,서울 중구,https://kr.indeed.com/rc/clk?jk=1f77989a5c852578&fccid=2e8b08781039bb66&vjs=3
데이터 엔지니어 (데이터플랫폼팀)의 전체 세부 정보,무신사,서울 성동구,https://kr.indeed.com/rc/clk?jk=4ea127ebeb6128d4&fccid=a21230b40394711d&vjs=3
Java Web 개발자의 전체 세부 정보,안랩,성남 분당구,https://kr.indeed.com/rc/clk?jk=41138bca7f2c6ed8&fccid=0b88b2af6686dd2b&vjs=3
Student Researcher  2023의 전체 세부 정보,Google,서울,https://kr.indeed.com/rc/clk?jk=f438fdb09a101e51&fccid=a5b4499d9e91a5c6&vjs=3
2023년 하반기 한국표준협회 정규직원 공개의 전체 세부 정보,한국표준협회,서울 강남구,https://kr.indeed.com/rc/clk?jk=a5fc6b4d46aef8c7&fccid=69336e32fe9e6086&vjs=3
JAVA 공공기관 장기 개발업무-광화문의 전체 세부 정보,연우정보기술,서울 종로구,https://kr.indeed.com/rc/clk?jk=7120678e741bde53&fccid=0276df372806daf8&vjs=3
CRM system development and maintenance의 전체 세부 정보,(주)한국전자인증,서울,https://kr.indeed.com/company/(%EC%A3%BC)%ED%95%9C%EA%B5%AD%EC%A0%84%EC%9E%90%EC%9D%B8%EC%A6%9D/jobs/Maintenance-Person-d0bb593d77d5e25a?fccid=9322fffdb4e3168f&vjs=3
2023년 7월 롯데정보통신 신입사원 일반전형의 전체 세부 정보,롯데정보통신,서울 금천구,https://kr.indeed.com/rc/clk?jk=a5235712dc8a11a7&fccid=ae6a0ecfe23adfb7&vjs=3
KB데이타시스템(KB금융그룹 계열사) 금융 IT 경력사원의 전체 세부 정보,KB데이타시스템,서울 종로구,https://kr.indeed.com/rc/clk?jk=dab238aabd783ff7&fccid=fe227fbd2afb9580&vjs=3
한화솔루션 큐셀부문 Data Engineer의 전체 세부 정보,한화솔루션,서울 중구,https://kr.indeed.com/rc/clk?jk=f88998a782cbd99a&fccid=2e8b08781039bb66&vjs=3
[NHN Enterprise] Java 백엔드 웹개발자의 전체 세부 정보,엔에이치엔엔터프라이즈,성남 분당구,https://kr.indeed.com/rc/clk?jk=fcc18f8f6363967f&fccid=c6959d0e760ece96&vjs=3
[오디오 푸드 커머스 플랫폼 식후경] Front-end 개발자의 전체 세부 정보,푼타컴퍼니,서울 강남구,https://kr.indeed.com/rc/clk?jk=48d63514b8d3cca2&fccid=768e11f13e3431bb&vjs=3
JAVA 개발자의 전체 세부 정보,파고다아카데미,서울 서초구,https://kr.indeed.com/rc/clk?jk=c8a0139b4fc7eb1e&fccid=78f77e902198df13&vjs=3
출납/뱅킹 서버 개발자(실무3년이상)의 전체 세부 정보,카카오페이증권,성남 분당구,https://kr.indeed.com/rc/clk?jk=91d2fb3e9c278211&fccid=8774314ead916c49&vjs=3
PM  JAVA 외 신입/경력의 전체 세부 정보,에이블스토어,서울 영등포구,https://kr.indeed.com/rc/clk?jk=660c099577411cda&fccid=99beb1e8af7ed1d8&vjs=3
자바 JAVA 개발자의 전체 세부 정보,네이블커뮤니케이션즈지점,성남 분당구,https://kr.indeed.com/rc/clk?jk=38c9f96b1f4c4798&fccid=96daf6fbf5110ff3&vjs=3
[컬리] 데이터농장 데이터 사이언티스트 (Data Scientist)의 전체 세부 정보,컬리,서울 강남구,https://kr.indeed.com/rc/clk?jk=5a0be0fb9ead65ca&fccid=84f556ede0522ba3&vjs=3
[컬리] 커머스 검색/추천 개발자(Backend Developer)의 전체 세부 정보,컬리,서울 강남구,https://kr.indeed.com/rc/clk?jk=6bd742e3e85d71db&fccid=84f556ede0522ba3&vjs=3
[골라라] BackEnd 개발  FrontEnd 개발  App 개발  Data 엔지니어 경력 정규직의 전체 세부 정보,골라라,서울 중구,https://kr.indeed.com/rc/clk?jk=da45e0e76364a806&fccid=454eb788ea0b5751&vjs=3
웹개발자 백엔드&서버개발(HTML·DHTML·mHTML  JAVA 외) 신입/경력 정규직의 전체 세부 정보,블록스퀘어서울,서울 서초구,https://kr.indeed.com/rc/clk?jk=1eeb4f006adf13ba&fccid=72348558bd9456ba&vjs=3
인천 씨티은행 Java  ProC 개발자의 전체 세부 정보,랜더스시스템,인천 남동구,https://kr.indeed.com/rc/clk?jk=e7cbe08c7a42c529&fccid=01bc2eb53dfed8b6&vjs=3
(명동-외국계금융) JAVA  솔루션  시스템프로그래머  개발  운영 경력자의 전체 세부 정보,씨앤노마드,서울 중구,https://kr.indeed.com/rc/clk?jk=165bf38442d38f92&fccid=02045ed13724b094&vjs=3
IT Executive의 전체 세부 정보,Heineken,서울,https://kr.indeed.com/rc/clk?jk=82b41d4bd24f863c&fccid=9d3fc2c7bbc80ecb&vjs=3
가온아이-웹 개발자 (보충역)의 전체 세부 정보,가온아이,서울 강남구,https://kr.indeed.com/rc/clk?jk=2d7572d07a9a1a49&fccid=f580d60a553d03d6&vjs=3
IT 분야 경력직 수시의 전체 세부 정보,사회복지법인 어린이재단,서울 중구,https://kr.indeed.com/rc/clk?jk=6b842db0e123a58c&fccid=4acf620627362a33&vjs=3
2023년 하반기 Web(java) 개발자 수시의 전체 세부 정보,거룡아이티,고양 덕양구,https://kr.indeed.com/rc/clk?jk=b91b07f4e04c0372&fccid=61230390c8f312f1&vjs=3
한국우편사업진흥원 경력직원 (IT개발  회계·정산  국제우편 행방조사)의 전체 세부 정보,재단법인 한국우편사업진흥원,서울 영등포구,https://kr.indeed.com/rc/clk?jk=0a6588fbf31d065b&fccid=879ecb13be0f271c&vjs=3
리스크 업무 시스템 개발자의 전체 세부 정보,케이뱅크,서울 중구,https://kr.indeed.com/rc/clk?jk=e0196dacadad3a09&fccid=5f01cd3935e7f733&vjs=3
[SI 분야] 함께 하실분의 전체 세부 정보,글로벌랩,서울,https://kr.indeed.com/rc/clk?jk=521f23593c73d0a6&fccid=559b020ac716336d&vjs=3
[IT/개발] Back-End 개발(Java Spring  MSA/실시간 스트림처리)의 전체 세부 정보,스마트스코어,서울 강남구,https://kr.indeed.com/rc/clk?jk=802b3d1c3db8f5ab&fccid=f1d131db5da7118d&vjs=3
(주)심네트 ICT사업본부 웹(SI)개발 신입 및 경력자의 전체 세부 정보,심네트,서울,https://kr.indeed.com/rc/clk?jk=012906f6f87aef43&fccid=936d7f62c2f79f30&vjs=3
[디지털전략] IT운영통제 7월 수시의 전체 세부 정보,교원프라퍼티,서울 중구,https://kr.indeed.com/rc/clk?jk=56ffad04cd4a8cc0&fccid=572ce48859b39fe7&vjs=3
피앤피시큐어 2023년 하반기 정보보안기술연구소(연구개발)의 전체 세부 정보,피앤피시큐어,서울 강서구,https://kr.indeed.com/rc/clk?jk=ea802fc87333d3f3&fccid=5ee32b004f4fa607&vjs=3
Python  JAVA 백엔드 개발자의 전체 세부 정보,주식회사 소프트랩스 관심기업,서울 가산동,https://kr.indeed.com/rc/clk?jk=2ee47aecf4367fb2&fccid=5d00ed32cfbf2240&vjs=3
프론트엔드 신입 / 경력 개발자의 전체 세부 정보,와이즈텍,서울 용산구,https://kr.indeed.com/rc/clk?jk=ea99143338a319b7&fccid=8b01882cef0e8002&vjs=3
IT JAVA 개발자 경력의 전체 세부 정보,드림씨아이에스,서울 종로구,https://kr.indeed.com/rc/clk?jk=09ad2539ee28fdce&fccid=d3d9fa5f4e17dd79&vjs=3
차세대 프로젝트 - 분석설계가능자 00명  JAVA개발자 00명  금융/공공/일반산업 업무 경험자의 전체 세부 정보,님버스테크,서울 강남구,https://kr.indeed.com/rc/clk?jk=dd55b2a0cd2722ff&fccid=36e146a5d9916f15&vjs=3
Java 개발자의 전체 세부 정보,아주큐엠에스,서울 서초구,https://kr.indeed.com/rc/clk?jk=f47d4593bbb7fafa&fccid=d3c2d815b3c081a4&vjs=3
백엔드 개발자(Java)의 전체 세부 정보,의식주컴퍼니,서울 용산구,https://kr.indeed.com/rc/clk?jk=c16a7e3739445cb8&fccid=f6eb833018b6a99b&vjs=3
[IT/개발] PHP 개발자의 전체 세부 정보,스마트스코어,서울 강남구,https://kr.indeed.com/rc/clk?jk=86545a7b5099d6ce&fccid=f1d131db5da7118d&vjs=3
2023년 경력사원 수시의 전체 세부 정보,현대아이티앤이,서울,https://kr.indeed.com/rc/clk?jk=c56e553f42950139&fccid=af10eb9184c0d62f&vjs=3
Full-stack Javascript Developer ,Storeganise,Anywhere in the World,http://weworkmemotely.com/remote-jobs/storeganise-full-stack-javascript-developer-1
Java Developer,RemoteMore,Anywhere in the World,http://weworkmemotely.com/remote-jobs/remotemore-java-developer-5
Fullstack Javascript Typescript Developer,CloudDevs,Latin America Only/Europe Only/Canada Only/EMEA Only/Asia Only,http://weworkmemotely.com/remote-jobs/clouddevs-fullstack-javascript-typescript-developer
Sr. Full Stack Engineer (Javascript/Typescript  Node/React),Grouse Software Labs Inc,Americas Only,http://weworkmemotely.com/remote-jobs/grouse-software-labs-inc-sr-full-stack-engineer-javascript-typescript-node-react
Java/Kotlin & Web developer ,Spider Strategies,USA Only,http://weworkmemotely.com/remote-jobs/spider-strategies-java-kotlin-web-developer
Senior Java Data Engineer,VeriCour,USA Only,http://weworkmemotely.com/remote-jobs/vericour-senior-java-data-engineer
